source_id,ra,dec,parallax,parallax_error,phot_g_mean_mag,phot_bp_mean_mag,phot_rp_mean_mag,bp_rp,bp_g,g_rp,dr2_radial_velocity,dr2_radial_velocity_error
3374836252947269888,90.97993942986818,20.138441150108694,0.7635539712812923,0.12187944,4.5121093,4.6694283,4.2037134,0.46571493,0.15731907,0.30839586,,
3429829048565502848,89.49856114377457,25.953902795771025,0.8614699648345876,0.17895156,4.7625966,4.7233915,4.8042736,-0.08088207,-0.039205074,-0.041677,,
3427962936819149824,89.23383158385656,24.24968210795231,0.5311144968916315,0.03226936,5.8762817,6.106418,5.4494615,0.6569567,0.2301364,0.42682028,,
3399135872241463808,86.29800405119323,18.704354180371073,0.754730737224429,0.07622171,6.107631,6.9132724,5.226769,1.6865034,0.8056412,0.88086224,11.112896,0.35911965
3404384322275638016,84.81177915558891,23.323343593434632,0.7589554650425566,0.030614372,6.678325,7.7791386,5.650781,2.1283574,1.1008134,1.027544,9.204568,0.20748511
3428532105884757632,86.30720406885953,24.420104432910847,0.8481502691268293,0.034108322,6.811749,8.546803,5.608303,2.9385004,1.7350545,1.2034459,,
3423087908418163072,88.90767859780729,20.46896889068349,0.8664391214345718,0.024830868,6.904011,7.916878,5.9163175,2.0005608,1.0128675,0.9876933,15.407873,0.2289537
3401289987317420416,82.77102396308788,20.189153026383877,0.8505303331276772,0.030005544,6.9200573,8.44148,5.719305,2.7221746,1.5214224,1.2007523,8.430788,0.9156827
3424656293035086208,90.28187905926232,23.30484775313168,0.4931804530982667,0.021779224,7.148981,7.5180736,6.573708,0.9443655,0.36909246,0.57527304,,
3397912493755048448,84.16139574278755,18.937052619833587,0.9756908142515636,0.023102045,7.389302,8.057624,6.597544,1.4600797,0.6683221,0.7917576,-8.458039,0.1745895
3402983608883878016,83.91883273030244,21.403216892388098,0.5456454172073251,0.030750202,7.496802,7.5702705,7.292832,0.27743864,0.073468685,0.20396996,,
3403604253136744960,83.15275479734666,20.917761053424794,0.918066454045284,0.022048663,7.5119333,8.685688,6.446269,2.239419,1.1737547,1.0656643,25.001432,0.24386324
3399115531276230656,85.50018885471148,18.540814984754583,0.7121891530055343,0.041360278,7.5168343,9.845576,6.1417723,3.703804,2.328742,1.375062,,
3427591301886790400,86.16217557652715,23.020811879332886,0.7780727050789322,0.0318926,7.529057,8.492586,6.563644,1.9289422,0.9635291,0.9654131,9.298709,0.2040804
3441336228026037248,85.46826289800282,26.25868658935312,0.912998486240855,0.023668911,7.635294,8.586036,6.676939,1.9090967,0.95074177,0.95835495,16.774956,0.19343753
3423699786637900160,90.79885118426304,22.342567070310054,0.9604241036354784,0.060105186,7.6672463,8.445118,6.808342,1.636776,0.7778716,0.85890436,8.589195,1.0900294
3398822751945120128,88.0950752415222,19.149700823579217,0.3787425642730726,0.02402366,7.686237,8.0885515,7.068511,1.0200405,0.40231466,0.61772585,,
3404272618766739456,84.3883946583383,22.96803045833564,0.7423942383607305,0.022401383,7.781436,8.829502,6.7745233,2.0549788,1.0480661,1.0069127,14.871991,0.17601992
3423966516992457984,88.21275444443987,21.64058161108853,0.7958042693891887,0.04544325,7.804759,9.603479,6.522051,3.0814285,1.7987204,1.2827082,11.032736,0.25512764
3415082432974944768,77.82447807799683,22.116869922429338,0.4912174203693261,0.028997598,7.808223,8.274342,7.149176,1.1251655,0.4661188,0.65904665,17.08356,0.40107077
3429722121064105600,90.26606484492584,25.891519520532178,0.7473885058326885,0.029256785,7.8596334,9.295944,6.6914377,2.6045065,1.4363108,1.1681957,18.68942,0.23571262
3422793166284141568,90.07170370308765,20.055317980302945,0.9236508357084935,0.052138213,7.9324408,8.840876,6.9961066,1.844769,0.90843487,0.93633413,-9.8322935,4.878053
3398383973788673024,86.41887565024105,18.65688352073927,0.8261683815402833,0.023320442,7.9512544,8.342028,7.369637,0.97239065,0.3907733,0.58161736,-3.6721156,2.7428443
3398998192769707264,89.23023376815627,20.108688204916117,0.35199502018173573,0.02536871,8.023889,9.497363,6.85176,2.6456032,1.4734745,1.1721287,18.165873,0.19121695
3424657152028541312,90.27445794329955,23.338985293112284,0.4591741785740388,0.02810474,8.055546,8.384508,7.520394,0.8641143,0.32896233,0.53515196,,
3428847523984540800,86.03229880230371,25.373790598959413,0.8269354821286277,0.0472682,8.067821,9.2456665,6.978736,2.2669306,1.177846,1.0890846,6.9760284,2.4847643
3428074399809555072,89.12631780113969,25.04077848102953,0.9833251549921774,0.029468207,8.080438,8.915372,7.1859584,1.7294135,0.83493423,0.8944793,26.10455,0.21209005
3442722162432553216,83.6629149554835,28.051029536246602,0.7024172833036202,0.031081961,8.080583,8.22459,7.780447,0.4441433,0.14400768,0.3001356,,
3348170106680271104,86.3605369280674,15.512589542276164,0.5575770454629126,0.025744887,8.101679,9.660133,6.927459,2.7326746,1.5584545,1.1742201,,
3398880716823578368,87.535193932812,19.16611173303772,0.5368719230342248,0.025974218,8.138368,8.510698,7.557469,0.9532294,0.37233067,0.58089876,,
3398451937352865280,87.63637239759396,18.93142783006197,0.6334265860611076,0.031723592,8.138819,10.010441,6.8379645,3.1724763,1.8716221,1.3008542,20.655975,0.17090723
3442370146913065216,82.58069429035167,27.71821897889668,0.8877495149659708,0.024559895,8.148556,9.636624,6.964058,2.6725664,1.4880686,1.1844978,3.746778,0.39948007
3402465124728924800,81.4745342531015,21.785906949247963,0.7680616654870505,0.02985978,8.191812,8.978482,7.319771,1.6587114,0.7866707,0.87204075,0.59113646,0.25727367
3442520127170919168,84.16583115929369,27.91173571614335,0.8429379516249632,0.027862247,8.204005,8.277354,8.006055,0.27129936,0.073349,0.19795036,,
3428846256971995008,85.87660979680436,25.290103499853572,0.8757121129471648,0.033141006,8.231077,8.294157,8.053673,0.24048424,0.063079834,0.1774044,,
3348354618475124224,87.57395545602743,16.572236510258147,0.7356810077861212,0.02538591,8.2430525,9.282287,7.239571,2.0427155,1.0392342,1.0034814,1.3878483,0.3884306
3427692903633738240,87.1606944709259,23.785459522713662,0.9503961453811667,0.03775313,8.244935,8.261858,8.154703,0.107154846,0.01692295,0.090231895,,
3394308706955758336,79.4429187566803,16.449533837452815,0.7558651656772427,0.034743108,8.245884,9.550476,7.1343846,2.4160914,1.3045921,1.1114993,7.780388,2.224549
3428356218382680960,88.37958814636016,25.742227299006117,0.8878430738730163,0.033046875,8.266228,8.384643,7.9792433,0.40539932,0.11841488,0.28698444,,
3402391938486444288,81.85602020680828,21.48175557666663,0.5419236229320301,0.113350935,8.272319,9.114981,7.348982,1.7659988,0.84266186,0.923337,16.855677,0.5148951
3443134135696407040,87.17223883358045,28.324581820695837,0.6928051743224949,0.034844335,8.2913475,8.382854,8.070334,0.31252003,0.09150696,0.22101307,,
3424813282680030080,89.31171291958805,23.419459903984546,0.5623940732959265,0.02699706,8.305824,8.791796,7.6223087,1.169487,0.48597145,0.68351555,,
3442653713538990848,84.74173566806219,28.460119304721758,0.5661920023807501,0.029978845,8.318701,8.488965,7.9704204,0.5185447,0.17026424,0.34828043,,
3424062316237900800,89.5230528014446,22.084425132862144,0.5919406287394751,0.032341395,8.347953,9.5105915,7.290552,2.2200394,1.1626387,1.0574007,43.409958,0.58475614
3441380311570070016,86.03291758875224,26.76882566771632,0.6135987565339466,0.021502532,8.349902,8.849461,7.6492934,1.2001672,0.49955845,0.70060873,,
3416797533675016192,83.60611990616155,24.85325677275112,0.8299291982830354,0.02773964,8.375117,9.90163,7.1798215,2.721809,1.5265131,1.1952958,,
3441703598051819776,85.13523155780433,27.44277678094657,0.5952712829577429,0.083935335,8.37658,8.468679,8.172397,0.29628277,0.09209919,0.20418358,,
3443120735398446976,87.2677677595459,28.231501706770807,0.8303200505163161,0.03555275,8.405668,9.846155,7.2334523,2.6127028,1.4404869,1.1722159,24.204401,1.4957349
3401371381241337216,80.08709507685577,18.593347470498298,0.8749174329833094,0.021988926,8.40567,9.366129,7.4467444,1.9193845,0.96045876,0.9589257,1.4254532,0.1494001
3397309819647149568,83.52518629033389,17.585582022015263,0.8768574350133782,0.039018147,8.410642,10.841002,7.0318437,3.8091588,2.4303608,1.378798,,
3428891268228873216,85.41248283909678,25.513526247619236,0.34083295753326626,0.10296586,8.43323,8.437745,8.367144,0.07060146,0.004514694,0.06608677,,
3374662152155979392,90.72137352317397,19.477541415336972,0.5812139061083758,0.02444915,8.467837,9.411424,7.5134387,1.897985,0.94358635,0.95439863,27.798874,0.24679813
3428075117067134976,89.32890888405227,25.001962393775056,0.7875444468576231,0.058634788,8.507622,9.673132,7.444354,2.228778,1.1655102,1.0632677,2.5182464,2.420062
3399993525669746304,86.57674237369093,20.694239333372945,0.8562644348778935,0.030680453,8.518086,10.447721,7.2012095,3.246511,1.9296341,1.3168769,,
3424821769534995584,89.40948481280317,23.558009614001616,0.4841541520250533,0.02230548,8.530073,9.798632,7.436516,2.3621159,1.2685585,1.0935574,21.082718,0.22129382
3429829357806054784,89.58206779325614,25.9734313707798,0.7717768635189421,0.033561315,8.530603,10.248475,7.2732496,2.9752254,1.7178717,1.2573538,7.722424,0.49413875
3403262098860685312,85.97184065707334,21.951928481784414,0.9895598478282537,0.07579312,8.546741,8.640786,8.300066,0.34072018,0.09404564,0.24667454,,
3396869022861051520,83.05764189012525,16.15649858523654,0.7901997812218234,0.029319303,8.572534,9.930194,7.443721,2.486473,1.3576603,1.1288128,11.9525,0.41135243
3441375569926160768,86.16172396605481,26.700952663776242,0.6831466408809975,0.053487778,8.57726,9.662111,7.5558367,2.1062746,1.0848513,1.0214233,3.0074923,2.6746955
3424872037832880000,89.86813575046757,23.754536059687197,0.2766087635824164,0.03775784,8.599201,10.4437685,7.3381376,3.1056309,1.8445673,1.2610636,23.902496,0.34031293
3441207615229815040,84.72739245821431,26.31577524440175,0.5245380785708109,0.023250582,8.601999,8.987547,8.0104475,0.9770994,0.38554764,0.5915518,,
3431057340497305856,88.41904444494045,27.52927460378551,0.4240944813614073,0.021539357,8.628222,9.32726,7.7851577,1.5421023,0.69903755,0.8430648,8.73405,0.27994597
3398823851456778624,87.96409228864253,19.109647570484725,0.9270286709582183,0.032138348,8.630369,9.755422,7.5733123,2.1821094,1.1250525,1.0570569,95.68704,1.0414349
3440953387524972416,85.47038744259797,26.03956304255087,0.6902876307615242,0.01842442,8.630441,9.163559,7.93117,1.232389,0.53311825,0.6992707,9.320718,0.2068841
3402798723430027136,84.2545233590131,20.763982089623088,0.6227233254972601,0.02920619,8.634319,10.183196,7.429834,2.7533622,1.5488768,1.2044854,6.281152,0.3319225
3403084489075795968,86.23431720845916,21.460678320605215,0.8121418880230686,0.030897189,8.634648,8.707018,8.432789,0.27422905,0.072369576,0.20185947,,
3423998441484396544,88.49322920903086,21.83628761908745,0.860240683791477,0.027770573,8.646598,8.662322,8.535926,0.12639618,0.015724182,0.110672,,
3404405930253624064,85.06662289983718,23.400368247032375,0.9329981551893171,0.019863438,8.660056,9.589172,7.7143154,1.874857,0.92911625,0.9457407,-49.09248,0.11805726
3429580215344185088,89.44249868726799,25.172063950155213,0.8806655485540937,0.04123211,8.662455,8.754005,8.450137,0.3038683,0.09155083,0.21231747,,
3424024073849278592,89.19407858333122,21.734042921502358,0.6848252922776604,0.019625073,8.667506,9.06756,8.069594,0.9979658,0.40005398,0.59791183,,
3396838305255401088,85.77290542557029,18.110474196536565,0.7101362995729152,0.02651511,8.671684,10.008533,7.5412784,2.4672542,1.3368483,1.1304059,-17.160164,0.57255715
3424218549969138176,87.51668164889581,21.860835040323334,0.2377326684374345,0.054517146,8.688728,11.444945,7.2113276,4.233618,2.756217,1.4774008,,
3404525334641915136,83.39002834494266,23.34226317918442,0.43877802069020444,0.0186051,8.696807,8.884219,8.341536,0.5426836,0.18741226,0.35527134,,
3441688106106307456,84.42020385076178,27.271274898252095,0.654959795834669,0.01799768,8.699898,8.872818,8.337484,0.53533363,0.17292023,0.3624134,,
3426509004489009152,90.70290939807981,24.911860042765472,0.6179776120776701,0.028982019,8.711819,9.95286,7.607804,2.345056,1.2410412,1.1040149,33.112297,0.9450608
3442195943039763712,82.74855845804652,27.14598331600915,0.885898116491866,0.021715362,8.744898,10.058068,7.6305647,2.4275036,1.3131704,1.1143332,16.070784,0.627207
3429121890792263424,88.07752946493656,25.828242848644543,0.5254335887191524,0.03729595,8.7513485,11.205508,7.358586,3.8469224,2.4541597,1.3927627,2.168324,0.457271
3398654183068727040,88.41797585909113,19.151507023972417,0.7195737172621978,0.030030245,8.751374,10.439579,7.503868,2.935711,1.6882048,1.2475061,17.709675,0.3444808
3407546242838912128,77.45272975121327,18.434772406867314,0.8568386040164407,0.039571326,8.758289,10.657057,7.441666,3.2153907,1.8987675,1.3166232,-6.395261,0.6969141
3428121232132374912,88.32231325285396,24.411494656365946,0.7542857036455191,0.04347615,8.790904,10.65744,7.494027,3.163413,1.8665361,1.2968769,5.092266,0.13362911
3429219919126378112,86.5978547211928,25.543755270978803,0.8215567338581993,0.020838162,8.79697,8.940847,8.474358,0.4664898,0.14387703,0.32261276,,
3413897262519134464,79.41090176031511,20.53538676606021,0.3952131164994033,0.08701041,8.801251,8.911612,8.55453,0.3570814,0.110360146,0.24672127,,
3404174452994657024,84.61480929766878,22.41481843386136,0.7779216625020678,0.022618327,8.8228655,10.1542425,7.690355,2.4638877,1.331377,1.1325107,-11.640908,0.36195982
3399417862613276800,85.6587342102615,19.364238117509466,0.6524941039272012,0.059346903,8.825557,11.424158,7.421305,4.002853,2.5986013,1.4042516,,
3403787523683828992,84.27268451393078,22.116909451202314,0.835410037191856,0.02252001,8.836616,8.88718,8.692472,0.19470787,0.050564766,0.1441431,,
3390753401748006784,81.54294447453829,15.122433187569976,0.9319813756587517,0.019421563,8.856702,9.92079,7.8476443,2.0731454,1.0640879,1.0090575,24.320604,0.30520767
3428976686539350528,87.6476488826735,25.22774065895878,0.8351432117096712,0.0251104,8.865101,9.942568,7.845739,2.096829,1.077467,1.019362,,
3400488443339887744,82.12116236731691,18.57449136729759,0.6864763981739448,0.03081749,8.869736,10.4705515,7.6583433,2.8122082,1.6008158,1.2113924,,
3403263576329830144,86.04896244224172,21.98620468562519,0.9166359754172666,0.019972542,8.873984,9.932222,7.860909,2.0713134,1.058238,1.0130754,,
3423321550341583104,91.15102802342551,21.060285571844386,0.5863964019794106,0.019767292,8.875779,10.086047,7.8047485,2.2812986,1.210268,1.0710306,31.410372,0.3215856
3441243456730241920,84.07959046252883,26.357756704529045,0.6415002304628652,0.040745627,8.8864355,9.229616,8.26302,0.9665966,0.34318066,0.62341595,,
3402964612247302528,84.09589769670508,21.186501733418485,0.5215618073280596,0.01972693,8.889954,9.027034,8.570819,0.4562149,0.1370802,0.3191347,,
3348406501675971456,87.27512051022701,16.718341665599883,0.5129559436684101,0.025240695,8.902558,10.08167,7.8370714,2.2445984,1.1791115,1.0654869,41.30695,0.40962288
3403982691294313216,82.28877717854145,22.07268018712676,0.8374841823743857,0.032466352,8.90586,10.617987,7.6526847,2.965302,1.7121267,1.2531753,,
3441732292729818752,84.93506373732905,27.780843942783203,0.6544891415434938,0.028293895,8.921027,8.961762,8.783044,0.17871857,0.040735245,0.13798332,,
3398260111230028160,86.73549011098027,17.90861003901783,0.45845765377859676,0.04687522,8.927369,11.16481,7.5501614,3.6146488,2.237441,1.3772078,,
3423374292539155712,91.00462083660615,21.22575396140802,0.9214400447777895,0.07658443,8.935639,12.492283,7.3658895,5.1263933,3.5566435,1.5697498,,
3398805194118929024,89.31052727151265,19.947180304449862,0.9168510095091489,0.02250774,8.937426,9.007095,8.763974,0.24312115,0.06966972,0.17345142,,
3441330627388527616,85.95723473523265,26.426317192435253,0.8669866407623411,0.032308593,8.938783,8.93785,8.880619,0.05723095,-9.326935E-4,0.058163643,,
3428403840980517120,86.20495749609017,23.795444908077688,0.7797196037208715,0.028297743,8.946527,10.394043,7.7700987,2.6239443,1.4475164,1.1764278,54.413727,0.6447134
3424748785153094784,89.69510736237274,23.250782885132,0.4247132958441166,0.031484332,8.947532,9.189744,8.518405,0.67133904,0.2422123,0.42912674,,
3424828160446298880,89.41566274418066,23.69809397072156,-0.5400890442469055,0.4264655,8.9527,10.266815,7.8064256,2.4603896,1.3141155,1.1462741,9.013081,0.29519358
3396609125801105536,85.6020595538368,16.963963167716397,0.4189095690055718,0.04537518,8.95563,11.342521,7.5532255,3.7892952,2.3868904,1.4024048,,
3348140999683619584,87.84479183685004,16.14592650805975,0.7592752645740101,0.050178923,8.969997,11.23193,7.5883155,3.6436143,2.2619324,1.3816819,,
3423422778428634624,91.27981131390993,21.628999554689777,0.6669821740958919,0.028616857,8.97238,9.008572,8.856053,0.15251827,0.03619194,0.11632633,,
3398004882795330560,87.56808050788347,17.45185245400841,0.9010110755588289,0.017265964,8.973415,9.879382,8.041785,1.8375969,0.90596676,0.93163013,84.890976,0.12276657
3429519531748056576,89.97314433268572,25.088619351155913,0.9183153131033188,0.020262666,8.987453,9.120864,8.692627,0.42823696,0.13341045,0.2948265,,
3401032804674830592,83.50673477672646,19.626499913602792,0.5346863879736685,0.028349005,9.008551,10.195002,7.9378095,2.2571921,1.186451,1.0707412,2.6809208,2.4389231
3398166755820293888,88.14344363327946,18.29022651613306,0.5999346886309699,0.033299047,9.015493,10.990505,7.706031,3.2844744,1.9750118,1.3094625,-2.78555,0.48372504
3400739509948605056,81.3325392326726,18.97828404477762,0.6149293223883796,0.021777887,9.018451,10.301801,7.916421,2.3853798,1.28335,1.1020298,,
3398692661678464384,89.07561495117538,19.18587789129769,0.4795638534857468,0.04761349,9.019065,11.631188,7.5998096,4.0313787,2.6121235,1.4192553,,
3348185809080451968,86.68363688494328,15.54414858448585,0.8851864414633918,0.017443707,9.024797,10.029304,8.040172,1.9891319,1.0045061,0.9846258,51.45985,0.33092627
3394063889523384192,80.57217013871366,16.162044624407383,0.9811471802235807,0.02222053,9.027927,10.313245,7.916668,2.396577,1.2853174,1.1112595,22.106342,0.1482129
3415634422172223360,78.97404842007704,23.17686649862314,0.7117069677968748,0.018454662,9.036144,10.023745,8.060737,1.9630079,0.9876003,0.9754076,-13.799696,0.37299272
3404219910928409856,84.55756108890867,22.820220835882857,0.667953376067444,0.041147787,9.0430355,11.41084,7.71675,3.69409,2.3678045,1.3262854,21.422005,1.4107004
3424624682076037120,90.88564667843546,23.32614203901842,0.4908624932348483,0.023095801,9.04813,9.545898,8.359698,1.1862001,0.4977684,0.68843174,,
3398694727560343552,89.14789341692413,19.241740404149915,0.8483339760913121,0.028643586,9.055403,9.105345,8.90966,0.19568443,0.049942017,0.14574242,,
3422802099816110720,90.26222652292327,20.234740495974997,0.5754003752807397,0.036185127,9.057184,9.14256,8.8569975,0.28556252,0.085375786,0.20018673,,
3442686703181961728,85.00283671064086,28.713482239914608,0.8613546960945977,0.15508677,9.06065,13.126729,7.2754464,5.8512826,4.066079,1.7852035,,
3404337279497168256,85.58482345328453,23.169366502459738,0.795392237299241,0.022201,9.062415,10.4278555,7.9232116,2.504644,1.3654404,1.1392035,42.531597,0.34218663
3399945658256702080,86.68878693408429,20.322290701459117,0.8418231162049754,0.021025684,9.070098,10.023705,8.110554,1.9131508,0.9536066,0.9595442,,
3429271282637701760,86.82594623819045,25.960908873727206,0.8186923145053433,0.039671537,9.070877,9.16281,8.858835,0.3039751,0.09193325,0.21204185,,
3441695523513083520,84.79443105352746,27.503453511363357,0.7557960743616752,0.04902275,9.072687,9.706662,8.289025,1.4176369,0.633975,0.78366184,23.77782,2.4315999
3399840276940184064,88.48654054188779,20.67645030570123,0.6537243198980912,0.031306006,9.083755,10.767225,7.8430767,2.9241486,1.6834707,1.2406778,18.52031,0.6022709
3428117315122250880,87.95173521322158,24.525506337454605,0.591082925182101,0.024775388,9.083981,9.942087,8.168947,1.77314,0.8581066,0.91503334,,
3403282886502612736,86.54483638716962,22.212013804195138,0.9924801518642278,0.028151164,9.092838,9.083462,9.062499,0.020962715,-0.009376526,0.030339241,,
3442131037493952384,83.65260073418901,27.59265782422758,0.5058179999595351,0.014909032,9.09394,9.4579,8.521378,0.9365225,0.36396027,0.5725622,,
3403250450909784192,86.10900512404086,21.88845710007915,0.663119583131468,0.034634095,9.095046,11.166269,7.8019633,3.364306,2.0712233,1.2930827,-9.537045,1.2208109
3429524861805902592,90.05469923960713,25.198318309505826,0.8409108119618784,0.0274572,9.098439,9.20862,8.860314,0.3483057,0.110180855,0.23812485,,
3396053700629481856,83.7747363295308,15.721433459608336,0.7467824822427789,0.015732162,9.099293,10.014853,8.158981,1.8558712,0.91555977,0.94031143,5.9512963,1.1350808
3398112536153528576,87.73478414252916,17.746376901303957,0.4792756522473732,0.025902336,9.100879,10.436462,7.970344,2.4661183,1.3355837,1.1305346,27.592901,0.5196235
3415542058898908032,78.53378177479281,22.93300612893274,0.9646172587650819,0.022911798,9.105955,10.090919,8.130728,1.9601908,0.9849634,0.97522736,-2.7213545,0.3282937
3397889026053940096,84.79582520511573,18.935200972475183,0.60351620824988,0.022620382,9.118008,9.222282,8.883246,0.339036,0.10427475,0.23476124,,
3403897204265372416,82.16987027269565,21.69040566691653,0.7554646599481141,0.022736883,9.125071,9.964509,8.233148,1.7313614,0.83943844,0.89192295,31.36615,14.3162365
3415807286015345024,78.19700087014705,23.47378844460678,0.9969392866356916,0.03695609,9.140127,11.272044,7.7914324,3.4806118,2.131917,1.3486948,-2.6572108,0.35447285
3424847917296871168,89.97089208861931,23.383268219801458,0.7200276931603679,0.023238497,9.14958,10.455106,8.038081,2.4170246,1.3055258,1.1114988,12.229762,0.49916357
3415625866597138560,79.74523633254849,23.50886294989122,0.9711907392821444,0.06753917,9.15064,12.089024,7.6913238,4.3977,2.938384,1.4593158,,
3396511883444350208,85.86097894890325,16.97280344756582,0.8486494647987951,0.02914531,9.155885,9.846959,8.346622,1.5003366,0.6910744,0.8092623,15.685133,2.0181754
3397826761910653696,84.3228150369711,18.312026423151263,0.9462532946363249,0.020675356,9.155914,10.144895,8.179155,1.9657393,0.9889803,0.97675896,,
3349928839949091712,87.42653757852787,17.018292755856656,0.825137162024386,0.01614346,9.16084,9.753608,8.425899,1.3277092,0.5927677,0.7349415,17.666658,0.26122433
3398932703107397888,88.0103895890375,19.873839192694433,0.8901253061535382,0.020128349,9.170525,9.868703,8.361087,1.507616,0.6981783,0.80943775,-18.091278,0.54710245
3429498675385381248,90.04422994134924,24.87687241937941,0.4979149023606189,0.018448329,9.1721325,10.274623,8.143985,2.1306381,1.1024904,1.0281477,16.40941,0.24149145
3421325455702835328,80.72560685519201,27.80058265449167,0.9892528055566195,0.023269841,9.1775255,10.2371025,8.166527,2.0705757,1.059577,1.0109987,-1.5213735,0.19104913
3399713115845212928,87.22148311593487,20.092123193868172,0.7032788958175403,0.019438641,9.180804,9.910783,8.351135,1.5596476,0.72997856,0.829669,8.344612,0.1886787
3428017461423838336,89.06053292810577,24.511613954398687,0.9989268620366796,0.0186998,9.181774,10.086929,8.252105,1.8348246,0.9051552,0.9296694,24.945602,0.27727523
3424847328882731008,90.03364776664627,23.368370922847273,0.6893043315236391,0.029850423,9.182031,10.785717,7.968875,2.816842,1.6036863,1.2131557,2.9075692,1.0610684
3422966201926810624,90.1898159426033,20.69525830670248,0.8021334703710284,0.01464659,9.188316,9.686562,8.507897,1.1786642,0.49824524,0.68041897,21.599117,1.8953161
3398795053697612288,89.20349146958229,19.739255534467215,0.7670321815205161,0.021103196,9.196451,10.208014,8.210889,1.9971247,1.0115623,0.9855623,18.796694,0.49150726
3423866500089693952,88.49253809722875,20.876294779223066,0.3265081816576571,0.01695211,9.203971,9.323511,8.939619,0.38389206,0.119540215,0.26435184,,
3415214649247846144,76.31490694933427,21.969634159208773,0.4943232928846596,0.0271829,9.207362,10.652438,8.04942,2.6030178,1.445076,1.1579418,17.414791,0.23095381
3394335129594381312,79.41911723976608,16.756434331085615,0.7661510549285812,0.045185935,9.209308,11.380661,7.847139,3.5335221,2.1713533,1.3621688,,
3396569023693469568,85.27119813599641,16.591650141005154,0.6898816942462103,0.0413893,9.212311,11.002029,7.940364,3.0616655,1.7897186,1.2719469,37.51962,1.9644219
3424552801502775808,89.8102534372804,22.984749065212437,0.9396076879346396,0.020487228,9.215221,9.379263,8.897241,0.4820223,0.16404152,0.31798077,,
3398590991212088448,88.99432226882801,18.890380636347743,0.7067150959103132,0.017413296,9.216613,9.95371,8.382347,1.5713625,0.7370968,0.8342657,-0.5127502,0.27245665
3417397763945224192,79.61155247328122,24.212193122465337,0.8410308679078089,0.023235582,9.219079,10.581841,8.092396,2.4894457,1.3627625,1.1266832,,
3396468388312547328,87.01178089838386,16.95938965511276,0.839105611555307,0.019286372,9.220516,9.877758,8.436933,1.4408255,0.6572418,0.78358364,2.8831148,0.29653922
3423069869555523712,89.83426625264333,20.885260761841046,0.8925509789026298,0.014279255,9.228308,10.042298,8.345031,1.6972675,0.8139906,0.88327694,1.4566059,0.3139666
3390061293537965824,83.27490077373874,15.404479841123997,0.7425336745999618,0.020445766,9.229053,10.361044,8.189301,2.1717434,1.1319914,1.039752,31.37546,0.11903878
3403032021757723136,84.37405026169758,21.968369361375967,0.7671041059766303,0.031500395,9.236629,10.900173,7.9938455,2.9063277,1.6635447,1.2427831,-7.759802,0.53267145
3414403621982928640,80.14996905739935,21.55005578963716,0.8441775958544584,0.033025924,9.236821,10.903912,8.011317,2.8925943,1.6670904,1.2255039,44.38837,0.48722708
3397876072432565632,84.89527154163677,18.877282371567148,0.7698230810085303,0.061882634,9.242254,12.205697,7.743571,4.4621263,2.9634428,1.4986835,,
3403361432864672640,85.66074544674001,22.0221400290458,0.6219294206828401,0.048928924,9.243073,12.072933,7.7660103,4.306923,2.8298597,1.4770632,,
3349949185213805952,88.03942616261433,17.170034448827355,0.8360194053591965,0.01762933,9.246835,10.200372,8.288407,1.9119644,0.953537,0.9584274,26.65416,0.35412169
3394568638376359424,80.33546325661645,17.935075763447642,0.883920507547463,0.016995333,9.248156,10.220918,8.281276,1.939642,0.9727621,0.96687984,,
3396448322225147648,86.5513250536265,16.82517825608395,0.7080881106229467,0.015261054,9.24875,10.281385,8.252353,2.0290327,1.0326357,0.996397,-28.099943,0.19681801
3396761511240376832,86.1774819380807,17.65072906810914,0.6196078109145432,0.058625624,9.259052,12.099625,7.80232,4.2973046,2.8405724,1.4567323,,
3401303074081196288,82.68344629255134,20.252882789155898,0.6719392471545959,0.020494236,9.265638,10.597558,8.141807,2.4557514,1.3319197,1.1238317,-1.9106518,0.33214432
3404059691468228992,83.2966291804561,22.533365053824774,0.4704972414209214,0.02395894,9.267281,10.623904,8.1359005,2.4880037,1.3566236,1.1313801,,
3441368045143547648,86.04498011423878,26.533567836408896,0.6645434777396386,0.038366962,9.269124,11.172923,7.969174,3.2037492,1.903799,1.2999501,15.073934,1.1024847
3424667391230553472,90.283252128156,23.49112042766455,0.8818871019907971,0.035894807,9.269924,11.387739,7.9377146,3.4500246,2.117815,1.3322096,21.143105,0.3082053
3402868198820672384,83.97433424264638,21.049333632826283,0.7084687148033529,0.0547868,9.27172,9.34776,9.0927725,0.25498772,0.07604027,0.17894745,,
3403918747821186176,82.60867738193946,21.889694354769624,0.6618089219143958,0.029056301,9.276731,10.881954,8.057559,2.8243952,1.6052237,1.2191715,135.5016,1.8397455
3408850366708385024,77.19459233043493,20.74677266983134,0.6932544808075649,0.021494448,9.282428,10.371048,8.263699,2.1073494,1.0886202,1.0187292,-8.313425,0.1899883
3427742347296957312,87.01176125462976,23.888506366805213,0.4821927656610788,0.024534263,9.2829075,10.569047,8.178188,2.3908587,1.2861395,1.1047192,15.525268,0.36351356
3350634211019101056,89.63601662199022,18.86306918638382,0.9144614934169489,0.024557615,9.284187,9.417123,8.957016,0.46010685,0.13293552,0.32717133,,
3399020487942860288,88.92246339979948,20.329915417137556,0.8191602986568443,0.019043865,9.285118,10.461201,8.222937,2.238264,1.1760826,1.0621815,-19.956,0.30861127
3420565044627922688,78.56468399612294,25.248158624494646,0.7077743943492779,0.05772804,9.292548,11.009302,8.040771,2.9685316,1.716754,1.2517776,-22.674126,0.19754548
3350045014523928960,88.2547208453172,17.309592077227233,0.9378542117239221,0.087510645,9.301096,11.608269,7.854918,3.7533507,2.3071728,1.446178,,
3443002327444568448,87.19094848846316,27.337130675740863,0.7202675305764528,0.017161585,9.301694,10.263269,8.339934,1.9233351,0.9615755,0.96175957,-34.871143,0.15925054
3443010268839817216,87.18520853982807,27.566099479994588,0.29762910515682095,0.02168909,9.301865,10.702946,8.159247,2.5436983,1.4010811,1.1426172,16.950977,0.18910785
3428923909980209408,85.7107914075296,25.726929240412748,0.7903654204648813,0.026779875,9.303466,9.27849,9.298482,-0.019991875,-0.024975777,0.004983902,,
3440754689454294528,84.31738205640919,24.748550340169455,0.9826125333390805,0.022316355,9.311576,10.675439,8.175609,2.4998302,1.363863,1.1359673,-14.518271,0.32152638
3417939582659054080,81.98291292723432,26.33890791441172,0.9277052413205449,0.029874044,9.316284,11.116841,8.058843,3.0579987,1.8005571,1.2574415,-10.576678,0.3383753
3402232578019757184,81.4297487053825,20.633387531193726,0.5691084654883936,0.068664424,9.327333,12.662236,7.834262,4.8279743,3.3349028,1.4930716,,
3399237267828749952,86.3861126472188,18.951419010916943,0.9037734618946903,0.015913302,9.332746,10.107584,8.474068,1.6335163,0.77483845,0.85867786,42.564407,0.19363044
3390909940419220224,82.51216088657944,16.090175310194674,0.8116428608874198,0.035250153,9.333342,11.418062,8.004292,3.4137707,2.0847206,1.3290501,5.9558535,0.53307503
3399884570939692288,87.32579640652492,20.63292562116035,0.7082197006632535,0.032522403,9.336309,11.41945,8.019577,3.3998728,2.0831404,1.3167324,13.959023,0.362235
3441532692715136768,86.11552567283783,27.229892429562984,0.812279563908654,0.018865403,9.337812,9.405562,9.163082,0.24248028,0.06774998,0.1747303,,
3409139813144689920,76.24462978199017,21.3644076182445,0.8816352461936123,0.01876169,9.339973,10.440419,8.314647,2.1257725,1.1004457,1.0253267,-37.23336,0.58765167
3394103544957874816,79.77984024705958,16.256382145529624,0.6757162855092361,0.020969896,9.343009,10.522552,8.282439,2.2401123,1.1795425,1.0605698,41.380173,0.53616494
3395943985687036288,84.49705939908495,15.614891708024754,0.5716122535398853,0.025854118,9.347244,10.294137,8.387823,1.9063139,0.94689274,0.95942116,16.750338,17.32221
3396527590141444864,86.5456309833863,17.165182701867423,0.5783845043154536,0.025631458,9.351802,10.448601,8.328475,2.1201258,1.0967989,1.0233269,78.00594,2.3296597
3394054513611409280,80.28348372532119,16.173001262921556,0.6632883312308006,0.028419519,9.354205,10.731741,8.20875,2.5229912,1.3775358,1.1454554,11.013881,0.29044136
3416357282346978688,80.34782180219572,23.409976070754762,0.9097372549378615,0.03717348,9.355198,11.657977,7.9875283,3.6704488,2.3027792,1.3676696,-4.2926807,0.26573065
3400086498824581504,87.43713478634075,20.979581301027597,0.7422156434799478,0.025375959,9.355661,10.146913,8.487686,1.6592264,0.7912512,0.86797523,,
3441431954256832640,85.89740470786131,26.896060598345436,0.8703171178052761,0.019821482,9.356291,10.493945,8.312435,2.18151,1.1376543,1.0438557,31.637535,0.2554683
3398194793367155712,87.38885674976413,18.090322632309526,0.42452679984397707,0.038007304,9.361521,10.986243,8.140011,2.8462324,1.6247225,1.2215099,,
3431031605050844672,87.84019949839404,27.676291604684334,0.794322100457658,0.024550056,9.363253,9.473078,9.120449,0.3526287,0.109825134,0.24280357,,
3428204137882794112,87.97813305611821,24.971785581596972,0.9956003934763161,0.016397184,9.365766,10.236812,8.4537325,1.7830791,0.87104607,0.9120331,66.88814,0.767942
3398604601966448768,88.19835212376763,18.69812246111513,0.621906257116931,0.033134837,9.368907,11.033155,8.128642,2.9045134,1.6642485,1.2402649,-18.272707,0.66387874
3402776041705982336,83.53076411429464,20.508069324004165,0.7791113346296706,0.11649157,9.370142,9.473466,9.137882,0.3355837,0.10332394,0.23225975,,
3400808259490785408,82.92226678487332,18.590952441586456,0.7403316201875656,0.04785023,9.371447,12.187093,7.9200735,4.2670193,2.8156462,1.4513731,,
3441943463384339328,83.17462848211403,26.788806053910893,0.6250738792456649,0.016692145,9.378871,9.567672,9.021008,0.54666424,0.18880081,0.35786343,,
3350533025887294208,89.21988599973778,18.614486056418404,0.8468804207126653,0.01837999,9.3798,9.580551,8.980702,0.59984875,0.2007513,0.39909744,,
3423116152122885248,89.02827426252247,20.83296053677134,0.7424603855498532,0.022988968,9.391965,10.586543,8.322596,2.2639475,1.1945782,1.0693693,70.53557,0.82148415
3399152017019513600,85.97661771558049,18.902806725508704,0.8818647401441597,0.035242554,9.398284,11.3235855,8.08285,3.240735,1.9253016,1.3154335,89.098625,0.2167653
3374709465515704576,90.70926744485934,19.519660911106026,0.6674857509680808,0.017492428,9.399076,10.53776,8.3589945,2.1787653,1.1386833,1.040082,,
3445513337122395648,82.37317946611681,28.916327081262175,0.7106459443490889,0.024031479,9.401908,9.492506,9.176291,0.31621456,0.09059811,0.22561646,,
3396533053339798144,86.67375477658355,17.192878817293057,0.9157302234380698,0.01846072,9.404309,10.273173,8.487132,1.7860413,0.86886406,0.9171772,,
3440839214410261248,83.8141766591386,25.17624744959453,0.734877397789741,0.023144476,9.408789,10.82799,8.255461,2.5725288,1.4192009,1.153328,-22.31841,0.83413905
3350035252060395264,88.68922402094044,17.660775122226962,0.7941863040531832,0.029621843,9.410384,11.207029,8.138582,3.068447,1.7966452,1.271802,15.334592,0.52903444
3396473198675630720,86.74308509445868,16.92455972929382,0.71228638411524,0.02105464,9.410756,10.544654,8.364012,2.1806421,1.1338978,1.0467443,-4.580706,0.538279
3428729360845462400,84.95590095440747,24.621549465463566,0.7952002503865989,0.02409817,9.412645,10.445926,8.415973,2.029953,1.0332804,0.99667263,25.397594,0.29396337
3397422695685806464,84.1884973040499,17.25678582242673,0.5890661256394571,0.028079012,9.41362,11.086387,8.178455,2.9079313,1.6727667,1.2351646,23.768929,0.43161136
3428617249315895808,86.37721022210037,24.79613409327459,0.3803818753088517,0.1559817,9.423838,9.54858,9.159885,0.38869476,0.12474251,0.26395226,,
3429415391677046144,87.6065797638527,26.76631868358898,0.6925773569356509,0.024147408,9.429995,10.598539,8.375153,2.2233868,1.1685448,1.054842,14.917729,0.20403913
3424685911129687040,90.8096116124722,23.6865171505463,0.7267571909038331,0.029283272,9.433844,11.051627,8.218004,2.833623,1.6177835,1.2158394,-32.77964,0.54947466
3429616529290008832,89.89754684421827,25.55310828881153,0.18861307890688656,0.02203035,9.446907,10.841038,8.308172,2.5328655,1.3941307,1.1387348,-13.669185,0.436178
3394865506515435136,77.97752106647185,17.390079419509018,0.5619163308037938,0.03881744,9.452273,10.678844,8.361451,2.3173933,1.2265711,1.0908222,2.564287,0.6078189
3403633561993433600,83.46480067061253,21.213338459057223,0.6416635197079281,0.019942883,9.452956,10.338531,8.52771,1.8108206,0.88557434,0.92524624,4.085089,0.31944335
3397818657309068288,83.74591893643006,18.62889703236988,-2.4459054808897913,0.56806624,9.453799,8.921909,8.67252,0.24938965,-0.5318899,0.78127956,,
3443364998777853824,86.41374983558629,28.599148825143793,0.9849649842951399,0.019606892,9.454,10.345194,8.529274,1.8159199,0.8911934,0.9247265,-28.360403,0.4558974
3427276944640452736,87.64635773871356,22.477620136168298,0.5231290286033968,0.040669274,9.456173,11.885178,8.087424,3.7977533,2.4290047,1.3687487,15.559667,0.31593186
3398627004515806080,88.17429954657642,18.911483380290427,0.8139824881139911,0.027365511,9.457035,9.588866,9.202092,0.38677406,0.13183117,0.2549429,,
3441832343990439808,85.41590846839136,27.9892617070161,0.757678337808857,0.023839552,9.461811,10.926805,8.293093,2.6337118,1.4649935,1.1687183,30.719067,0.31714085
3390710177197284608,81.93789704359604,15.191292919371648,0.5458516966679035,0.03464553,9.46865,11.69268,8.121303,3.5713778,2.2240305,1.3473473,48.462368,1.1268746
3441925390164451584,83.45720296713651,26.634883597780988,0.689843526808734,0.06591072,9.468698,12.714805,7.944832,4.769973,3.246107,1.5238657,,
3416702627780940672,83.5283395357824,24.23119804322681,0.5433761240054538,0.026847677,9.471844,10.883418,8.328788,2.5546303,1.4115744,1.1430559,,
3348189412554002304,87.06912218747455,15.613451725617004,0.6727471881491173,0.019864943,9.471856,10.53913,8.458205,2.080925,1.0672741,1.0136509,,
3394115433427355264,79.72050844258713,16.261955447586892,0.8860212007650836,0.02088677,9.472536,10.358622,8.542708,1.8159132,0.8860855,0.9298277,-2.1805987,0.18787833
3429577363485767680,89.80299683350853,25.345095100044897,0.5410114845045252,0.013829203,9.4755945,10.359494,8.553885,1.8056087,0.8838997,0.92170906,17.892155,0.26096794
3408874693403115648,76.24184940386004,20.534226368727673,0.6096903123893945,0.029696228,9.4784975,11.161826,8.238664,2.9231625,1.6833286,1.2398338,41.24128,0.64416265
3428045086655813760,88.88145188933856,24.793673043076037,0.3358459508869163,0.033935633,9.480151,11.43386,8.182034,3.2518263,1.9537086,1.2981176,44.27231,0.8776661
3399351342159374464,86.58582993159739,19.723164096514775,0.8918133462397009,0.022670945,9.483248,10.638263,8.413818,2.2244444,1.155015,1.0694294,14.547999,0.6060301
3441733014284322560,84.98189028393384,27.85139002667822,0.5770388397905966,0.04851271,9.488275,12.233963,8.041256,4.192707,2.7456884,1.4470186,,
3428025127944957312,89.2650421045385,24.62171828339448,0.7765212399631268,0.02208858,9.491432,9.598395,9.265659,0.33273602,0.10696316,0.22577286,,
3349953033504446336,88.03545154522544,17.257210706628744,0.4835227323423115,0.018532027,9.4941635,10.354607,8.588573,1.7660332,0.8604431,0.90559006,52.691757,0.11858362
3350658125395928064,90.04839174424154,19.192669472847793,0.4687845140805162,0.024679305,9.494966,9.895643,8.900826,0.9948168,0.40067768,0.5941391,,
3397107994841380736,83.60416157439026,17.31095321007946,0.6694978724408422,0.023394449,9.495118,10.753641,8.400594,2.3530474,1.258523,1.0945244,-18.050896,0.424491
3399143736322569600,86.28763856065511,18.92745808403539,0.8746061853315991,0.016505353,9.496898,10.38693,8.572213,1.8147173,0.89003277,0.9246845,,
3428855774619276544,86.16566895256442,25.488019704876486,0.9213291872361655,0.018089786,9.499225,9.551484,9.360228,0.19125652,0.052259445,0.13899708,,
3443365617253133568,86.42654037850133,28.63045917477361,0.6114832292727477,0.017758332,9.499892,10.356393,8.593198,1.763195,0.8565006,0.9066944,3.3786283,0.17423707
3399683051074251264,87.21007144400376,19.92542962239187,0.7752398283262626,0.024370613,9.500201,9.525388,9.408404,0.11698341,0.025186539,0.091796875,,
3399418820387937280,85.56800312226412,19.40900665040301,0.7333513908056327,0.025557907,9.501914,10.540354,8.500537,2.0398169,1.0384398,1.0013771,26.917974,0.18570654
3441852792332358528,86.09699899840489,28.301139959932577,0.8335650857074904,0.018288745,9.505277,10.557741,8.4984665,2.0592747,1.0524645,1.0068102,-11.932779,0.22203122
3422943249622276352,90.9810957875193,20.89128930969033,0.7511719471801065,0.018892502,9.505708,10.477022,8.540632,1.9363899,0.97131443,0.9650755,14.067442,0.5144354
3440929202565410816,85.56585930725375,25.783756411474396,0.7998022300909803,0.025168084,9.506645,9.528545,9.423068,0.10547733,0.021900177,0.083577156,,
3398824809233376256,87.96641229386077,19.15528683936214,0.7230413964315,0.019691976,9.510132,10.6450205,8.463786,2.1812344,1.1348886,1.0463457,29.449276,0.18502253
3397968633271358976,87.27063664074781,17.10093214191294,0.6241400677596306,0.024678053,9.514876,10.587671,8.496314,2.0913572,1.0727949,1.0185623,46.87286,1.4175398
3429259776422694784,86.92256133562073,25.97533187646253,0.8725874872593311,0.069532566,9.520009,9.622315,9.295232,0.3270836,0.102306366,0.22477722,,
3416562341265952000,82.72264413318732,23.57107813431117,0.5033585022265323,0.068591505,9.521123,12.615292,8.032026,4.5832653,3.0941687,1.4890966,,
3399288047223704064,86.74469049755162,19.458080318484843,0.5234884168269894,0.026091354,9.523906,11.034363,8.337145,2.697218,1.510457,1.1867609,40.962852,0.38089636
3415397339976857728,77.42811186187173,23.034491439013735,0.7609719300627285,0.045741025,9.525872,12.01575,8.10547,3.9102802,2.4898777,1.4204025,,
3403877069458736896,82.29946025618231,21.417478458800986,0.6282498756436061,0.028771967,9.525997,11.036407,8.333914,2.7024937,1.5104103,1.1920834,-41.293003,1.3742858
3397066831875247616,83.47830401841752,16.995788517280445,0.6898818652502824,0.023856252,9.526323,10.778666,8.434404,2.3442612,1.2523422,1.091919,79.71473,0.1706415
3430747003338138496,88.44566366125161,26.992807459215577,0.6949066637524276,0.020006368,9.532286,10.707994,8.474423,2.233571,1.1757088,1.0578623,48.84306,0.32153553
3424288227221225728,88.50741282810735,22.108169906928246,0.2413192637476075,0.018664455,9.532332,9.776507,9.100709,0.6757984,0.24417496,0.43162346,,
3429349794640238720,86.43545889859162,26.560247049988654,0.6040614031295861,0.018402584,9.53403,9.624103,9.3241415,0.2999611,0.09007263,0.20988846,,
3428067764083131008,89.07713702768423,24.90315165757224,0.5773497425361951,0.023188055,9.540728,11.121953,8.337529,2.7844238,1.5812254,1.2031984,,
3400331934731840768,81.56860892858994,17.869396827731627,0.5314986070100836,0.044250567,9.551979,11.708121,8.205945,3.5021763,2.1561422,1.346034,8.95451,0.4833669
3424446217594876416,89.92099287494361,22.386269797292243,0.9285627485896676,0.01735069,9.552306,10.536189,8.580527,1.9556618,0.9838829,0.97177887,41.0143,0.45497122
3403013093837591168,84.55253102971758,21.755176240924598,0.8219532096804756,0.027848097,9.559966,11.271778,8.3067255,2.9650526,1.711812,1.2532406,14.523243,0.66472405
3397783885253998720,83.39684316880836,18.348967534059664,0.5217106736211669,0.056447387,9.560793,12.241167,8.1156845,4.1254826,2.6803741,1.4451084,,
3396747213291526912,86.39928162285912,17.607448137892746,0.6166319558467485,0.017536163,9.563389,10.608046,8.562088,2.0459576,1.0446568,1.0013008,,
3414348131005611008,80.43973574925116,21.402175130508475,0.4877731182495039,0.06477061,9.565051,12.309149,8.13387,4.1752787,2.7440977,1.431181,,
3424654884285838848,90.13431051205134,23.265175189706746,0.9613149595316054,0.031970955,9.5665245,9.7185335,9.272957,0.44557667,0.15200901,0.29356766,,
3424637773136532224,90.36690750251796,23.14096664477874,0.9177336160613776,0.042625986,9.570914,9.6545105,9.377078,0.27743244,0.08359623,0.19383621,,
3348246346640505472,86.01493746339987,15.82620919619426,0.89954411378166,0.01993216,9.573474,10.537423,8.609716,1.9277067,0.9639492,0.9637575,-44.723133,0.33780387
3403719873655951744,82.75771996499694,21.625153478619968,0.8413528751967857,0.02353202,9.573915,10.512802,8.621075,1.8917274,0.9388876,0.95283985,26.87461,0.4783214
3397320509822473472,83.01740205294672,17.55556198994533,0.7632857977730125,0.022968613,9.574586,10.635501,8.5619335,2.0735674,1.060915,1.0126524,,
3429819737079219712,89.94849248352497,25.95436244400646,0.6514569715192722,0.0365675,9.576546,11.147138,8.374705,2.7724323,1.5705919,1.2018404,,
3418206072493965056,81.70242611991294,26.822443692169646,0.5886210061134722,0.039213363,9.580517,11.821441,8.223742,3.5976992,2.240924,1.3567753,,
3445475919367328640,82.17712589803683,28.5828571558364,0.7494882300209966,0.030425545,9.586066,11.013675,8.433563,2.5801115,1.4276085,1.152503,-12.100439,0.5301153
3415583226162006784,79.3017036717513,23.087012229581145,0.9335850855054725,0.020056242,9.594602,10.931729,8.473389,2.4583406,1.3371277,1.121213,14.222806,0.4602907
3397287210939316352,82.86718868292648,17.3559551657632,0.8694004000332717,0.018144289,9.597771,10.736482,8.550849,2.1856327,1.138711,1.0469217,14.648555,0.11161011
3430934641869760128,88.28937463558621,27.04449094905356,0.618634583684577,0.014947331,9.599006,9.903223,9.0976305,0.80559254,0.30421734,0.5013752,,
3408708014312119424,76.47317306070997,20.073909972221813,0.6654542643397269,0.020050723,9.599285,10.966074,8.46969,2.4963837,1.3667889,1.1295948,55.082382,0.4163509
3400904642850801792,82.81276907113488,19.063837665936546,0.6850655398808103,0.02360789,9.600046,9.665001,9.432389,0.23261166,0.06495476,0.1676569,,
3403254711517268480,86.41938816026457,21.965473875347556,0.6833299219041459,0.032650672,9.6074505,9.656646,9.473429,0.18321705,0.04919529,0.13402176,,
3429935628180362368,89.72775759463535,26.231590664723544,0.3779191916114104,0.03926558,9.60828,11.740712,8.277535,3.4631767,2.132432,1.3307447,45.798016,0.327947
3427728736542445312,87.43131857186474,24.115576147264765,0.47124134420445174,0.06746615,9.6149235,12.619703,8.132969,4.4867344,3.0047798,1.4819546,,
3429049769702780160,87.41555577640005,25.685366223378555,0.569057698315267,0.024839643,9.615174,10.957799,8.4915695,2.4662294,1.3426247,1.1236048,8.293881,0.37780228
3404703455525291264,84.52030799775143,24.40709799344077,0.8273734393273791,0.026471185,9.61658,11.258701,8.382223,2.8764782,1.6421213,1.2343569,17.978949,0.12899391
3398531686303016320,88.71323513965889,18.34057312801486,0.7666319710898507,0.019502424,9.618843,10.03239,9.024506,1.007884,0.41354656,0.59433746,,
3416298733353070592,81.20586482093344,23.101798122706736,0.5276166138022444,0.078649566,9.620292,13.396228,8.098442,5.2977858,3.7759361,1.5218496,,
3398636311706992256,88.61731400654456,18.962770330161216,0.6566511440566691,0.014120176,9.621558,10.304562,8.821313,1.4832487,0.6830034,0.8002453,18.73996,0.2439372
3424504388631875840,89.8712570372338,22.580747488205063,0.8470074995916383,0.025689986,9.622396,10.802202,8.565543,2.236659,1.1798058,1.0568533,,
3421270445760298368,80.7086544792152,27.296710796263746,0.9859891818230312,0.034011476,9.624025,11.462889,8.357523,3.1053658,1.8388634,1.2665024,33.651913,0.33120415
3394508989870636544,80.32763609998828,17.72157484539759,0.5836623810824687,0.018037241,9.6259365,10.470989,8.724477,1.7465124,0.8450527,0.9014597,-0.19402996,0.20030913
3397437642171801088,84.39288511056868,17.523614638837007,0.6198041561036094,0.023197766,9.626294,10.833699,8.552681,2.2810183,1.2074051,1.0736132,-10.739538,0.4341783
3395217968711607808,79.03123087299332,17.72988110884698,0.5191498867192184,0.021140454,9.630817,10.965679,8.504985,2.4606943,1.3348618,1.1258326,-20.964682,1.4427724
3428059900000042368,89.53259450769939,24.906903213625814,0.43361786551842857,0.034413718,9.634914,11.439958,8.355373,3.0845842,1.8050432,1.279541,6.171378,0.6943444
3445286562849574016,81.48154256447623,27.83646701877824,0.8741566582626075,0.03131361,9.637216,11.567374,8.331471,3.2359028,1.9301586,1.3057442,,
3441082618797109632,84.20369030980788,26.007613311002228,0.7712604472063667,0.02136613,9.640182,9.775308,9.365647,0.40966034,0.13512611,0.27453423,,
3423127383463632768,89.23934389768344,20.873539579708726,0.32178037115626995,0.05305487,9.641155,11.818586,8.357394,3.4611921,2.177431,1.283761,,
3430738344684011520,88.74371110468084,26.999128312323805,0.9265089080817808,0.020099519,9.643008,10.554589,8.702864,1.8517256,0.91158104,0.94014454,-1.6817223,0.18776155
3428959781548283392,87.11933701696618,25.113475344191485,0.27337399110257254,0.030482717,9.646236,9.747779,9.381182,0.36659718,0.10154247,0.2650547,,
3397007939283697536,83.74268738167481,16.730213271294737,0.7630584731183505,0.022656666,9.662277,10.7722025,8.633019,2.139183,1.1099253,1.0292578,35.66572,0.3207435
3395613827257809408,79.05346993342908,18.682908079121,0.5162960055870394,0.032780483,9.662556,11.803911,8.323702,3.4802094,2.1413555,1.3388538,11.895041,0.63055474
3401381074983497216,80.57743227017029,18.620215496274685,0.4028389205203796,0.027587796,9.665138,11.053982,8.52413,2.529852,1.3888435,1.1410084,33.198654,0.50547236
3348203882302796160,86.57517256393272,15.752036136170423,0.5168653161816747,0.029651893,9.665519,11.197414,8.466918,2.7304964,1.5318956,1.1986008,23.466358,0.6298298
3403577654400604416,85.93767300858477,23.120599867086124,0.6735798696817143,0.03075093,9.666951,9.90504,9.248582,0.6564579,0.23808861,0.4183693,,
3445381503102434176,81.33033596654245,28.258813190099445,0.968538005180436,0.015186988,9.67091,10.6872225,8.681057,2.0061655,1.0163126,0.9898529,34.63737,0.71048826
3427948192191242496,89.27008721988503,24.143950919661574,0.7215264192853954,0.020488111,9.6718025,11.0846615,8.51244,2.5722218,1.412859,1.1593628,70.94622,0.69816065
3440931504667899008,85.38898444204129,25.813885290653534,0.6156499241840044,0.022513898,9.674271,10.617689,8.720793,1.8968964,0.9434185,0.95347786,,
3423693395726613504,90.6524427887276,22.23414673030538,0.24872887162188878,0.053762846,9.675486,10.396838,8.828489,1.5683489,0.7213526,0.8469963,,
3348175501158948352,86.57129435184656,15.616057668098442,0.3359623649963709,0.067091085,9.676928,12.845153,8.191338,4.6538153,3.1682253,1.48559,,
3443095721508835072,86.49081379672265,27.9525581431818,0.7469546495344542,0.025060916,9.67744,9.757668,9.490139,0.26752853,0.08022785,0.18730068,,
3418855475845313024,77.55986188970546,24.074775061197048,0.4504992283361984,0.041656587,9.6782,11.114427,8.517615,2.5968113,1.4362268,1.1605844,,
3414220484578264192,79.0403109922477,21.645500694297994,0.5974695765431837,0.060288824,9.681029,13.028404,8.163253,4.8651514,3.347375,1.5177765,,
3426480893924038272,90.55215639217734,24.67566464420329,0.7368555095932031,0.022752684,9.681805,10.962313,8.57112,2.3911924,1.280508,1.1106844,53.243637,0.41131803
3442866645132582016,84.33123864367013,28.83042226797504,0.8839776935920097,0.015744602,9.683186,10.604884,8.737249,1.8676348,0.9216986,0.9459362,-35.53383,0.8477425
3424358737701052160,88.17563474942736,22.451883574021238,0.3537482052237588,0.101915,9.684495,10.481501,8.801202,1.6802988,0.79700565,0.88329315,6.8315163,0.38670453
3397230899624735232,82.3507666388947,17.124730603869118,0.3771857742854972,0.027218565,9.690335,11.126321,8.5271015,2.5992193,1.4359856,1.1632338,-6.5334167,0.32432014
3401895504689234688,79.88388042259812,20.480617599903297,0.5882819775970305,0.024582416,9.690578,11.236704,8.495227,2.741477,1.5461254,1.1953516,27.715792,1.0160518
3403879440280653056,82.32878587199636,21.500449042464176,0.8302526348661792,0.020085528,9.691919,10.523648,8.7965975,1.7270508,0.83172894,0.89532185,-30.337812,4.9072404
3396481681232932480,86.93011096717645,17.063247256698308,0.6273658547886148,0.019814223,9.696711,10.654694,8.737829,1.9168644,0.957983,0.9588814,42.66419,0.27543867
3399237160451196928,86.40873091708043,18.964911982226127,0.8934387727903973,0.025427362,9.69783,9.7331295,9.576588,0.15654182,0.0352993,0.12124252,,
3396599500778066816,85.275017141408,16.78875546194017,0.9721408100767072,0.022734797,9.700628,10.692871,8.72311,1.9697609,0.9922428,0.9775181,-23.568935,0.3028545
3416778464020118400,83.06893431551327,24.68815762666584,0.8808025287458002,0.052234672,9.700675,12.202516,8.288733,3.913783,2.5018406,1.4119425,,
3402752127329536896,83.63696503695789,20.169001435152275,0.8521683035224109,0.019590579,9.701122,10.365871,8.911121,1.4547501,0.66474915,0.7900009,-0.61579144,0.20330776
3399950743497976448,86.53994040335147,20.428386191377328,0.9802631357959461,0.020940866,9.702972,10.407524,8.885761,1.5217628,0.7045517,0.81721115,34.21964,0.12776066
3424921683359233152,89.59192311375912,23.75637207811372,0.8284686406622961,0.023161482,9.704111,11.077471,8.571599,2.5058718,1.3733597,1.1325121,10.29361,0.1610153
3441706243750932864,84.98251255146775,27.4822571894581,0.5605905642582902,0.02542567,9.707198,9.901407,9.347287,0.55412006,0.1942091,0.35991096,,
3408784258571398656,76.08635032383323,20.51809652191291,0.8236769101185507,0.022605142,9.708402,10.878314,8.648742,2.2295723,1.1699123,1.05966,46.292377,0.56570286
3428621063247110912,86.72003349112545,24.872763373492475,0.21535647558124185,0.032495514,9.709443,11.789907,8.388736,3.4011717,2.0804644,1.3207073,8.81422,2.784946
3349847411669078144,87.97973096448844,16.642395165498503,0.5138153336461618,0.019399736,9.709824,10.856544,8.661759,2.1947842,1.1467199,1.0480642,19.624958,0.22543861
3400596431701024640,80.49245464678705,18.266410592051283,0.3706599692335594,0.029506829,9.710737,11.4042635,8.51088,2.893383,1.6935263,1.1998568,,
3350618238037911040,89.83331459126336,18.778455221356566,0.6263238877894619,0.033628166,9.715296,11.69034,8.408571,3.2817688,1.9750443,1.3067245,-9.787191,0.4045983
3399361340843301248,86.2022762351604,19.778881088041764,0.4586259740055838,0.03125467,9.717674,11.254152,8.536727,2.7174253,1.536478,1.1809473,42.472885,0.71896553
3415161288574498304,76.41949787890205,21.77714640508318,0.5140096474220354,0.03443782,9.720901,11.632328,8.428157,3.2041712,1.9114275,1.2927437,-86.0489,0.31918368
3403764335157885952,83.69602319419737,21.812199083795196,0.9143701691429321,0.021717241,9.722519,10.648268,8.780711,1.8675566,0.9257488,0.94180775,-6.948885,0.43734735
3397552468119264128,85.081672851329,17.891954701914592,0.7785648567341517,0.04440518,9.725654,10.406892,8.925309,1.4815826,0.6812382,0.80034447,5.962949,2.2385194
3399312446935659392,86.37986183843765,19.39648291105172,0.8956410211298963,0.031160457,9.725987,9.739971,9.656643,0.08332825,0.0139837265,0.06934452,,
3398268353269957376,86.34120840726725,17.881116957585977,0.4134928574963938,0.023193281,9.7263975,10.680509,8.7708235,1.9096851,0.9541111,0.95557404,,
3404114151653015424,82.43523685956275,22.79040789948657,0.7313647672440315,0.021642866,9.728279,10.7513075,8.736843,2.0144644,1.0230284,0.991436,-21.157028,0.36805373
3396512300057720576,85.85668075064983,17.02270837722642,0.5376105849001721,0.039361298,9.730069,12.144748,8.348571,3.796177,2.4146786,1.3814983,,
3427852332820143744,89.0494728861636,23.9861060963423,0.674305632840878,0.027973562,9.732747,11.344076,8.5166855,2.8273907,1.6113291,1.2160616,59.487926,0.5740864
3398958468616422528,88.65110484463719,19.719210703613694,0.4295319435488696,0.024141587,9.7352085,11.0733385,8.6113825,2.461956,1.33813,1.123826,46.18041,0.26570186
3399016536572950400,89.04064236375605,20.282695966708086,0.8128144491328437,0.016389174,9.743155,10.65205,8.811057,1.8409929,0.9088955,0.93209743,15.327589,0.344554
3429223492539143552,86.6189843241994,25.60990073839836,0.8199730813378332,0.020001618,9.750286,10.608974,8.843076,1.7658987,0.85868835,0.90721035,7.393775,0.38890404
3400619663181072896,80.93721508765726,18.543788542880566,0.47666185774699854,0.02908158,9.751417,11.397748,8.518408,2.8793402,1.6463308,1.2330093,-63.13121,0.719604
3424690304880179840,90.53712362500804,23.60717113696322,0.29775585816648936,0.04160715,9.752146,10.423682,8.956795,1.4668875,0.67153645,0.795351,40.96046,1.1111413
3349978249254466432,88.63816056679929,17.149993683116804,0.7394684214605585,0.01805776,9.753892,10.412738,8.971566,1.4411716,0.6588459,0.78232574,,
3428937168543848832,87.3702645516686,24.833760543487873,0.9148679839248638,0.021054244,9.75452,9.887931,9.485417,0.4025135,0.13341045,0.26910305,,
3414476666490146048,81.37830286453443,21.918655914963647,0.8104799137457553,0.02334488,9.758715,9.965287,9.388441,0.5768461,0.20657253,0.3702736,,
3424610285346855552,91.2860258446347,23.247740859487234,0.8561545020058172,0.034905072,9.762285,10.843367,8.743359,2.100008,1.0810814,1.0189266,-3.3872404,0.4871896
3428094740774176256,88.14813155915647,24.226802214992915,0.934590199985919,0.02365182,9.764408,9.867216,9.548293,0.318923,0.102808,0.216115,,
3400474184048444288,82.37056974825688,18.438468256810534,0.69832507651799,0.026210783,9.764837,10.536262,8.904895,1.6313667,0.7714243,0.85994244,27.002012,0.3082194
3404048382817436416,83.06121654997679,22.580526808263166,0.6733993988537023,0.0809939,9.768758,10.556972,8.897071,1.6599007,0.78821373,0.87168694,,
3395371483727147008,79.27334945446437,18.10383248403542,0.35041009790752675,0.040394686,9.770833,11.7617445,8.443463,3.3182812,1.9909115,1.3273697,,
3427852088003890304,88.94936512017293,23.968751055355806,0.9186649359691906,0.023149561,9.774521,9.861824,9.585348,0.2764759,0.08730316,0.18917274,,
3424578640027092864,90.82026328276817,22.94047590512482,0.7402949714165733,0.016654216,9.774805,10.753847,8.803693,1.9501543,0.97904205,0.97111225,-14.189389,0.25430298
3428007741917521024,89.77145480859964,24.797176041586834,0.9135808814937337,0.02244261,9.774891,10.983038,8.700647,2.2823906,1.208147,1.0742435,,
3394013969119314560,78.50555240401846,16.69669291137508,0.5963508485108323,0.04431114,9.77543,12.059473,8.39557,3.6639032,2.2840433,1.3798599,,
3443092904010588032,86.76740992659305,27.937097069349274,0.7704093565890469,0.021161158,9.779179,9.843768,9.619504,0.22426414,0.0645895,0.15967464,,
3429549944414873600,90.09870622834254,25.293056232686705,0.4613015429694428,0.06799702,9.779643,10.622949,8.878597,1.7443514,0.8433056,0.9010458,,
3407765904646174592,77.48445489047019,19.365855390451436,0.6353694698876172,0.029586058,9.780104,11.261583,8.60773,2.6538534,1.4814796,1.1723738,35.823284,1.1192269
3395062937572726016,77.8463827363809,17.689718951835875,0.5276928083252198,0.034743182,9.780397,11.760097,8.457523,3.3025732,1.9796991,1.3228741,-34.47484,0.3377297
3421458977645328128,79.28601944982306,27.694317832152326,0.5432629232360813,0.039183214,9.780516,12.152527,8.498311,3.6542158,2.3720112,1.2822046,,
3443102971413571456,86.93620177065633,28.181364902956737,0.7235755094930476,0.031078946,9.7809725,9.79212,9.716726,0.07539368,0.011147499,0.06424618,,
3397123383707898240,82.29014757401136,16.4628982810729,0.7389836144620227,0.02183698,9.784322,11.137243,8.658862,2.4783812,1.3529215,1.1254597,61.662884,0.18963031
3348227143845355776,86.42019988585386,15.730280080487024,0.5199820084274301,0.043554783,9.784442,12.184536,8.379225,3.8053112,2.400094,1.4052172,,
3398582710515145216,88.80741378746247,18.792367115214102,0.9013670198011997,0.016971925,9.785586,10.356514,9.06804,1.2884741,0.5709276,0.71754646,9.706337,0.28403044
3390995118210290432,81.12026363452621,15.819252263590856,0.5817651707051209,0.028786026,9.7859125,11.385601,8.571773,2.8138285,1.5996885,1.2141399,50.644554,0.49745134
3429106252813208704,88.24547963784651,25.766227436072764,0.7645742480053637,0.024507148,9.7862625,9.949412,9.469722,0.47969055,0.16314983,0.31654072,,
3394257717103986048,80.38734109748732,16.98121720167102,0.5761816182263727,0.040777475,9.787014,11.74889,8.474614,3.2742758,1.9618759,1.3123999,-0.06243453,0.2256322
3402916680411961344,84.26113468541304,21.140522984761997,0.6980382544600668,0.02430144,9.788428,10.954462,8.727128,2.227334,1.1660337,1.0613003,17.948698,0.27180654
3396774671020654848,85.36936629464039,17.411091044786264,0.77252460576141,0.021524083,9.788764,11.036575,8.692115,2.3444605,1.2478113,1.0966492,55.63641,0.3009754
3402288618752782848,80.54427662171366,20.93477803972385,0.3581308344951178,0.021037774,9.790631,9.889068,9.571206,0.31786156,0.098436356,0.2194252,,
3400286197623760768,81.90864178837859,17.77625476915821,0.671348017740184,0.017218672,9.791843,10.907215,8.758844,2.1483707,1.1153717,1.032999,27.00246,0.4985288
3427672047272559872,87.34605474707935,23.58226175267958,0.8670132321956698,0.018620295,9.795188,10.625209,8.907973,1.7172356,0.8300209,0.88721466,-17.150671,0.24096566
3398547564800795264,88.37931142215935,18.413536518123127,0.8225798559696635,0.020613777,9.798748,10.404261,9.057217,1.347044,0.6055126,0.7415314,21.194536,0.43036038
3416508976295059456,81.57034007030694,24.049698657927117,0.5069757524346431,0.03967826,9.801939,12.129705,8.470193,3.6595125,2.3277664,1.3317461,5.993495,0.42469266
3350400736597139840,89.4050269825506,17.79171801000059,0.8542858858802185,0.018445656,9.803924,10.457853,9.0242405,1.4336128,0.6539297,0.7796831,30.954256,0.26017314
3423436900281024384,91.3478884980709,21.911102828291916,0.7670628988966225,0.021903902,9.804116,10.612722,8.924013,1.6887093,0.80860615,0.8801031,-6.7882104,0.42395166
3403361467224408448,85.66480656938865,22.03066008952966,0.8965131485315451,0.045188975,9.80441,10.707404,8.874249,1.8331547,0.90299416,0.9301605,23.964056,4.890539
3403870644187891200,83.729373762961,22.466700338885133,0.9698910618235805,0.018346768,9.8088045,10.434239,9.046591,1.3876486,0.6254349,0.7622137,-11.001734,0.24431626
3407656090922363904,77.42389029213281,19.16000396166493,0.37279358492123627,0.042628694,9.809122,11.901443,8.483204,3.4182386,2.0923204,1.3259182,53.70938,1.633322
3397571365975364096,85.0566972463342,17.974858258032324,0.8968934951187647,0.02110845,9.811265,10.668808,8.900211,1.7685966,0.857543,0.91105366,-19.802048,0.20842808
3348302941428913152,87.35186056454019,16.145855903325785,0.4714388868350232,0.016044946,9.811315,11.104316,8.704447,2.399869,1.2930012,1.1068678,67.29042,0.12654348
3397168532402748288,82.92000844462703,16.960231844571844,0.6281648010484786,0.076733336,9.811372,13.320133,8.282494,5.0376396,3.5087614,1.5288782,,
3404525987476928000,83.4696933889558,23.36708146294561,0.7369827745926528,0.058985356,9.811421,12.892916,8.364546,4.52837,3.0814943,1.4468756,,
3403725298197514880,82.81677961362013,21.726043871105553,0.5013640554626161,0.034452792,9.812034,11.516541,8.567651,2.9488897,1.7045069,1.2443829,60.767776,0.74058264
3397540167334147200,84.3191642926212,18.04872035184904,0.6078066970654672,0.022844568,9.813347,11.091305,8.709105,2.3822002,1.2779579,1.1042423,26.245201,0.60084146
3427996364544478208,89.53472922147081,24.522791142290284,0.4114770586203572,0.057044283,9.817117,12.29385,8.412304,3.881546,2.4767332,1.4048128,,
3424964495590936704,90.20469693154341,24.28129834910409,0.7654124585089856,0.04601851,9.820814,11.936744,8.477323,3.4594212,2.1159296,1.3434916,-3.104148,1.6260822
3427881847835256704,88.42248386370633,23.861973205958147,0.5871854480005618,0.04214799,9.822579,12.063466,8.467296,3.5961704,2.2408867,1.3552837,54.103645,0.6984221
3428006436247509632,89.65422468106105,24.743264353208207,0.6650203632353313,0.023406543,9.829738,11.157987,8.710104,2.4478827,1.328249,1.1196337,-0.09133315,0.3395982
3394122167936051712,79.82640791215934,16.360292355558308,0.8985438922993066,0.018899329,9.831702,10.483518,9.04998,1.4335375,0.6518154,0.78172207,4.618968,0.2365497
3390074930057396096,82.76203523172295,15.484213219926103,0.5205801328935034,0.025707774,9.8331785,11.487032,8.606017,2.8810148,1.6538534,1.2271614,26.722675,1.2992924
3428373157734403328,85.76026343952475,23.568803431774892,0.7346232808200215,0.015134907,9.835077,10.81708,8.861629,1.955451,0.98200226,0.97344875,35.67415,0.31119698
3398409984111560832,87.09185802220978,18.57538214983343,0.8521409136541443,0.03071622,9.835579,9.923582,9.645919,0.27766323,0.08800316,0.18966007,,
3398472832371131904,86.88343948647726,18.820083942023878,0.8768865252478817,0.025874088,9.835771,10.6260805,8.970002,1.6560783,0.7903099,0.86576843,,
3424656499193509248,90.29413766438299,23.33512151920746,0.5949082292280491,0.04759367,9.84012,12.095971,8.477088,3.6188831,2.2558508,1.3630323,,
3428996168510973184,87.43724700550399,25.499566814260866,0.9965942003017174,0.016671319,9.842885,10.61292,8.992201,1.620719,0.7700348,0.85068417,26.242771,0.23566312
3349908090963503616,87.65320774947567,16.84414818377839,0.7189255439193182,0.022110257,9.843043,9.882443,9.719777,0.16266632,0.0394001,0.12326622,,
3428055394577321728,89.31347012287071,24.838322749872752,0.7459518179605101,0.02330115,9.848384,10.684046,8.9548235,1.7292223,0.8356619,0.8935604,31.64961,0.97494376
3415199462243593088,76.96050309658544,22.151855677040363,0.6133863696196434,0.019897815,9.85247,11.08543,8.774735,2.3106947,1.2329597,1.077735,-48.34648,0.8094475
3423086426652225536,89.68848361466361,21.011695577795,0.5188891303838278,0.02038237,9.855288,10.872982,8.870517,2.0024652,1.0176945,0.9847708,8.102948,0.42283908
3398104736492335488,87.16054350557286,18.080000297678016,0.9273865849654874,0.016972851,9.85688,10.61302,9.011067,1.6019526,0.75613976,0.8458128,-7.2700467,0.541959
3397560237718825216,85.22356300477857,17.958457082867675,0.4406440103259978,0.025154319,9.857024,11.421481,8.662089,2.7593918,1.5644569,1.1949348,40.15766,0.3621874
3396450864845809024,86.47073087353549,16.828379813684457,0.6737259106761224,0.018849904,9.860978,10.834763,8.89484,1.9399223,0.97378445,0.9661379,20.95972,0.20393118
3431002257536829824,87.54620892565009,27.502273680311653,0.6646387502431159,0.016807752,9.862484,10.948331,8.840635,2.1076956,1.0858469,1.0218487,57.487946,0.27203736
3428711910394183552,85.43966809371544,24.790257539435046,0.6983855262271117,0.025624923,9.866136,11.4930725,8.639893,2.85318,1.6269369,1.226243,-10.572925,0.3962449
3396329673756808192,86.29004689582148,16.457960286432005,0.6471474923132174,0.044635385,9.8668,11.947708,8.515256,3.4324522,2.0809078,1.3515444,,
3428754482110755712,85.17952839058538,24.73195079510794,0.7788524112471927,0.018535221,9.868039,10.75326,8.945017,1.8082428,0.8852205,0.9230223,-22.869635,0.41547978
3428507916629026176,86.478468626791,24.094119833767014,0.5509315003885201,0.03266304,9.870875,11.775655,8.580142,3.1955128,1.9047794,1.2907333,51.37906,0.7050139
3401264075778150656,83.17185055906684,20.22876780701766,0.7803478562041313,0.029995197,9.877118,10.718743,8.98014,1.7386036,0.8416252,0.8969784,10.08917,0.7327585
3402635407295254528,84.95191307808294,20.51499555328656,0.7633098875402671,0.018501973,9.877376,10.776333,8.948328,1.8280048,0.89895725,0.9290476,23.982254,0.170324
3350560204439900032,89.76227464481045,18.520166270416617,0.9619392768516577,0.01688575,9.880567,10.76705,8.960121,1.8069286,0.8864832,0.92044544,,
3401156946410642560,81.75907704333162,19.519874592000203,0.9178473147992257,0.0153429825,9.88647,10.813961,8.9422245,1.8717365,0.9274912,0.94424534,6.305804,0.34949464
3399390542324652032,85.26039278643526,19.273105336120146,0.7354407216576643,0.019594297,9.886789,10.645605,9.033137,1.6124678,0.75881577,0.853652,11.773692,1.1301997
3397932697281155200,84.3621224928587,18.959499503116287,0.9639152218094017,0.017064648,9.886995,10.699261,9.006601,1.6926594,0.8122654,0.880394,13.45202,0.39279267
3423826020019471488,91.07660231469848,22.95212811053089,0.9148501096168157,0.021827873,9.889672,10.766122,8.972066,1.7940559,0.8764496,0.91760635,,
3429208576114075520,87.85751443408668,26.497390422700423,0.7713997267230435,0.08775848,9.890196,9.966758,9.707948,0.25881004,0.07656193,0.18224812,,
3394785620124245120,78.3146517615399,16.97982048137611,0.9512022403697243,0.015606813,9.891031,10.713368,9.003828,1.7095404,0.82233715,0.8872032,,
3443316104870197120,86.3767230570096,28.486128185658053,0.519083748554543,0.028669666,9.891703,11.478011,8.683992,2.7940187,1.5863085,1.2077103,0.82024187,1.2948672
3394179063366032000,81.12245282209446,16.694291044557172,0.956405700026849,0.016582187,9.895582,10.984883,8.873577,2.1113062,1.0893011,1.0220051,36.383247,0.3213353
3429198096393877248,87.62122582675424,26.28231593010311,0.4162269858988647,0.02495062,9.896098,10.620025,9.026177,1.5938473,0.72392654,0.86992073,,
3429989779128779136,89.57155734340542,26.453947987515825,0.9273192583104631,0.015812159,9.89644,10.568806,9.104598,1.4642076,0.67236614,0.7918415,,
3402867198090298112,83.85778705813794,21.013665881662565,0.7450050840357947,0.01771682,9.896447,10.8392315,8.944702,1.8945293,0.9427843,0.95174503,25.41211,0.2022644
3397876450389661440,84.97182830178113,18.91100643131709,0.4170042435671673,0.026217291,9.898719,11.508394,8.685568,2.8228264,1.6096754,1.213151,,
3400670923613809280,81.48641236984173,18.635777626288363,0.5652569671379624,0.015570344,9.899388,10.457068,9.183922,1.2731466,0.55768013,0.7154665,42.184,0.14318204
3398008597945613568,87.55301553951625,17.509711444657036,0.5578638092470593,0.023761593,9.902676,11.134298,8.815482,2.3188162,1.2316227,1.0871935,51.613937,0.12688763
3394571490234793728,80.0080390737641,17.8218026242642,0.6715139664350751,0.03246878,9.904994,10.776736,8.989264,1.7874727,0.87174225,0.9157305,,
3408812261758669568,76.87345008901511,20.337202490939802,0.9058517783001785,0.024168136,9.907775,11.291752,8.773539,2.5182133,1.3839769,1.1342363,75.58814,0.88238794
3429035166814174592,87.11326916216267,25.36197928701296,0.4195294970523555,0.0191087,9.908661,10.626431,9.081664,1.5447674,0.7177706,0.8269968,17.82081,0.18385936
3403748976354794752,83.96821799765573,21.7503331535019,0.4876807967194953,0.0249265,9.909097,11.389144,8.736474,2.65267,1.4800472,1.1726227,65.86728,0.4818675
3414957810203478016,77.0012260594836,21.554292872256745,0.5946524988433906,0.042044196,9.909781,12.104865,8.566463,3.5384016,2.1950836,1.343318,17.555893,1.6275884
3398827734107169920,88.0353235479773,19.27569202014787,0.9079199794473275,0.016574958,9.9139,10.635029,9.089052,1.5459766,0.72112846,0.8248482,-14.055521,0.25657094
3400754387715566080,81.74029145294219,19.029438439185245,0.5391484620497295,0.041046806,9.91583,11.913797,8.59902,3.3147774,1.9979677,1.3168097,58.37371,0.2627246
3414127438407058944,78.3240766609996,21.069489677884096,0.662500767090159,0.04632927,9.9180155,11.41574,8.73952,2.67622,1.4977245,1.1784954,-2.534358,0.49709183
3424558951895877760,90.10614609353051,23.129634798769164,0.6858029830014747,0.022455277,9.919087,10.943418,8.927859,2.0155582,1.0243301,0.9912281,2.9738047,0.3036547
3445683593923360512,81.60773685319266,28.91103035391995,0.7564597021668921,0.022845881,9.9235735,10.812983,8.997737,1.8152456,0.88940907,0.92583656,-6.7064333,0.40145686
3401426872218806144,80.08651589797864,18.889511032854355,0.5087948734531066,0.033153728,9.926263,11.721681,8.665303,3.0563774,1.7954178,1.2609596,17.389486,0.15309855
3404115663481481088,82.60493962457586,22.74963905773002,0.540747015663164,0.023385078,9.92798,11.2661495,8.80141,2.4647398,1.3381691,1.1265707,-8.816672,0.4563803
3427587316158066560,86.79648990367227,23.450098395192732,0.683374736425991,0.044690173,9.929141,11.621022,8.69171,2.9293118,1.6918812,1.2374306,-70.20225,0.30405286
3422904942811392512,90.7112517662461,20.56835630991598,0.9368237627340825,0.026407968,9.930522,10.721441,9.062559,1.6588821,0.7909193,0.86796284,,
3427491315048059520,87.77042579684769,23.474586814293705,0.20055550624902257,0.019796556,9.9311075,10.619101,9.094097,1.5250034,0.68799305,0.8370104,,
3420905858871564032,78.0259334816238,26.550348927611374,0.6604663457453631,0.039537378,9.9341135,12.463113,8.551066,3.9120464,2.5289993,1.3830471,30.31967,0.8525833
3404637072510961408,84.59258396320533,23.982403751644366,0.815570008783784,0.023918798,9.93527,10.023308,9.72864,0.2946682,0.08803749,0.2066307,,
3424302662608043648,88.39604302526993,22.2484351466243,0.8467994756705709,0.021659773,9.936476,10.002633,9.779658,0.22297478,0.06615734,0.15681744,,
3442851251969029248,83.53561730973381,29.08713163074286,0.7973640194561976,0.030907637,9.936675,11.841591,8.650494,3.1910973,1.9049158,1.2861814,-17.873045,0.5817353
3402242434968459648,80.98791020696848,20.688576355574344,0.8081459533138513,0.02088529,9.936927,10.932292,8.959736,1.9725561,0.99536514,0.977191,0.677728,0.51752055
3403006836067027072,84.60268539276397,21.626668083811655,0.9463769943137896,0.019988414,9.937723,9.999409,9.79168,0.20772839,0.061685562,0.14604282,,
3423127971873236224,89.22600072858017,20.887797545261073,0.9602728731520906,0.03431192,9.940168,10.053146,9.708122,0.3450241,0.11297798,0.23204613,,
3416905457612856704,82.05678624432323,24.563097668243163,0.6570488210471169,0.040999107,9.941932,12.230228,8.584976,3.6452522,2.2882967,1.3569555,39.877922,0.9821272
3396949282912952192,83.0110596599443,16.494743976758095,0.6868762917743405,0.021329833,9.9427395,11.156222,8.870603,2.2856197,1.2134829,1.0721369,30.280907,0.28592208
3424306167301372032,88.29585544160847,22.305747597725276,0.922199844247443,0.019875119,9.944226,10.578964,9.179779,1.3991852,0.63473797,0.7644472,25.738844,0.472859
3394484006044049024,80.48505561632136,17.364283043404498,0.4060923144035399,0.019451777,9.94516,11.190584,8.855916,2.3346682,1.2454243,1.0892439,6.3435855,0.26694942
3403517043822348416,86.20728807713665,22.760730126346722,0.6646299886475227,0.024996527,9.946373,11.499009,8.754247,2.7447624,1.5526361,1.1921263,20.202026,1.27685
3398718779377323264,89.80211158320252,19.48594989063704,0.39609549089396,0.018189084,9.947244,11.268199,8.835387,2.4328117,1.3209553,1.1118565,30.319088,0.2753514
3402169184303068288,82.46617174472193,21.15757360348829,0.6465151376583196,0.017112235,9.949352,10.873616,9.008852,1.8647642,0.92426395,0.94050026,23.244017,0.3314433
3399794926381447552,87.15185919087753,20.692356884848675,0.858256116044205,0.054019876,9.952024,10.625172,9.051755,1.5734167,0.6731472,0.9002695,-18.753847,1.4761509
3428311615144765568,88.35124286579793,25.356013904295637,0.6191847562851035,0.020076765,9.956162,11.345685,8.813832,2.5318527,1.3895226,1.1423302,70.04035,1.4222618
3398481177487616896,86.63154960459487,18.833054587583053,0.43048315202762155,0.031713635,9.958244,11.382293,8.797994,2.584299,1.4240484,1.1602507,85.16756,1.3131742
3418472978940207872,76.31715272908085,23.457213713562734,0.5520520385408877,0.020415954,9.958667,10.854208,9.031472,1.8227358,0.8955412,0.9271946,13.060598,0.13647783
3418885197019195776,76.82194639043054,23.956184131792092,0.9588268917369451,0.017023029,9.959944,10.832323,9.044245,1.7880783,0.8723793,0.915699,-15.539301,1.5946723
3399253515686654336,86.33531988117197,19.13126009050424,0.4251295774242977,0.049672965,9.961634,12.507248,8.554227,3.953021,2.5456142,1.4074068,,
3441174393658470400,84.3805509412381,26.07452806779065,0.6541860062189353,0.025311364,9.961685,10.109277,9.671163,0.43811417,0.14759159,0.29052258,,
3399112675119075328,85.73665573021444,18.562748977954577,0.03288856071367914,0.046625137,9.961709,12.152015,8.542491,3.6095238,2.1903057,1.4192181,,
3424656980229857024,90.2238969397953,23.332860345709257,0.46783457931758743,0.025151294,9.962115,10.183838,9.56646,0.61737823,0.2217226,0.39565563,,
3445489770638802688,81.78835852062863,28.710684374031807,0.9861536649753047,0.019981373,9.9621725,10.708052,9.11861,1.5894413,0.7458792,0.8435621,-34.591984,0.30195898
3409152247073769984,76.20854354871655,21.601867319734364,0.455934834478323,0.038568407,9.966595,12.271094,8.625784,3.6453104,2.3044996,1.3408108,28.755808,0.8062116
3428585260399976576,86.3247378060521,24.491747594115086,0.8428409025529112,0.020986361,9.96896,10.849665,9.050996,1.7986689,0.8807049,0.917964,62.37425,0.19394717
3395400865599212800,79.50108078918029,18.35440588216012,0.39836124624401725,0.074234225,9.974491,13.19108,8.474701,4.716379,3.216589,1.4997902,,
3442660040025042560,84.84387156139218,28.5200567790166,0.7347971664440154,0.034462262,9.979,10.0839405,9.749878,0.33406258,0.104940414,0.22912216,,
3397042917497147008,84.06785791780167,17.015894116601185,0.8832199165714916,0.018450096,9.979858,10.979631,8.998377,1.9812546,0.999773,0.98148155,8.867158,0.57912964
3429890960518092416,89.59308582642572,26.32214033833583,0.18691121870996233,0.026819678,9.981624,10.539161,9.21471,1.3244505,0.5575371,0.7669134,59.327736,1.602405
3430752290439431808,88.6480753223973,27.089768842824956,0.5001552546617283,0.026796846,9.983625,11.564504,8.779324,2.78518,1.5808783,1.2043018,43.729782,0.58548814
3399387553027417600,85.21522503460096,19.185235605900214,0.5248096715068051,0.019803595,9.983733,10.92411,9.027872,1.8962383,0.94037724,0.9558611,308.99976,0.47657385
3420555698778380928,78.33656051630626,25.033320283835504,0.8580789370141797,0.021447165,9.984304,11.272725,8.8797245,2.3930006,1.2884207,1.1045799,4.3518305,0.21219434
3441498848370648192,87.06296755343166,27.22694707880891,0.7297239575608725,0.029752582,9.987211,10.015599,9.890637,0.12496185,0.028388023,0.09657383,,
3403583495556323712,85.51049222796584,22.998200415915576,0.9789367654883472,0.020465847,9.987407,10.762901,9.129254,1.633647,0.7754946,0.8581524,-13.578144,0.41308677
3349674307306716160,88.72959234218321,16.70143639219553,0.7986011773300763,0.019515121,9.987693,10.545662,9.281404,1.2642584,0.5579691,0.7062893,-0.8903619,0.3920762
3396835178519353344,85.8673232215237,18.087770951720692,0.9606699095236265,0.0273074,9.98881,10.09958,9.764786,0.33479404,0.110770226,0.22402382,,
3429589934852519808,89.63879666053468,25.41693057969509,0.5637848206850905,0.03937685,9.989008,11.006021,9.00229,2.0037308,1.0170126,0.9867182,-9.626187,2.1351764
3397679289916255104,85.09150410372972,18.675882725896553,0.9875578900155167,0.019613376,9.98925,10.821062,9.096419,1.7246428,0.8318119,0.89283085,35.488445,0.14833911
3350442625416007680,89.78741124750715,18.165089224792887,0.7293226609515827,0.015989093,9.989927,10.710204,9.166741,1.5434628,0.72027683,0.8231859,10.992308,0.53477013
3402154993731234944,82.26052836149462,20.879600045709076,0.950636501239551,0.021880394,9.990518,10.1258135,9.730451,0.39536285,0.13529587,0.260067,,
3395891900621473024,85.44383998881132,15.521859103847516,0.742263420480096,0.017600572,9.991332,10.565921,9.253051,1.31287,0.5745888,0.73828125,25.288393,0.46474925
3403196918438489856,86.21152315851786,21.719098128957654,0.8121316957435071,0.023417449,9.996469,10.331948,9.173731,1.1582174,0.33547974,0.8227377,,
3397389779055020672,82.70922653154992,17.821592495943225,0.8280917027058194,0.020689271,10.000302,10.967119,9.036791,1.9303284,0.9668169,0.96351147,14.345545,0.28483352
3403775325976717440,84.12529092655222,21.894368015874097,0.6513641967987499,0.02024719,10.001051,11.24056,8.91695,2.3236094,1.2395086,1.0841007,51.34889,0.56686246
3428994553603291520,87.45341482785874,25.423347476115186,0.6357640749514006,0.04840557,10.001093,12.366784,8.605513,3.7612715,2.3656912,1.3955803,,
3420555144726530304,78.42443576203233,25.033665658251728,0.48150685313564967,0.0238513,10.001319,11.470704,8.837513,2.633191,1.4693851,1.163806,22.052988,0.17294699
3415098543394785664,77.70878315180364,22.202229931548338,0.21365600431552523,0.08172193,10.001488,13.245243,8.527723,4.7175198,3.2437553,1.4737644,,
3404064261313019008,83.59650502609963,22.64151207841393,0.8518685510138185,0.018125353,10.002649,10.862452,9.092974,1.7694778,0.85980225,0.9096756,35.576523,0.21144545
3415103289336563712,78.11801368783793,22.15093702491338,0.9129932204834337,0.016968636,10.005317,11.041481,9.0088,2.0326815,1.0361643,0.9965172,-0.71304655,0.1937955
3400130449229010176,87.42171442389461,21.294856060232433,0.9757579606302065,0.033971645,10.006883,10.806298,9.134893,1.6714048,0.7994156,0.87198925,41.327736,0.32255986
3396148701010175360,84.57192830437626,16.006896614865667,0.7509380800678671,0.030547109,10.006896,11.552713,8.811612,2.7411013,1.5458174,1.1952839,10.275874,0.3483116
3350018278349648000,88.95266767060609,17.556496555234432,0.6947542812894549,0.024490625,10.00799,11.270133,8.90709,2.3630428,1.2621431,1.1008997,-27.551882,0.38061556
3441063888442375936,83.53520751875787,25.793331819907944,0.8132085221767803,0.034531273,10.008817,10.883984,9.09179,1.7921934,0.8751669,0.9170265,34.653873,0.8388253
3428917656507855104,85.59299708535687,25.683579931294936,0.8751634277347338,0.020609776,10.0107155,10.379527,9.451141,0.92838573,0.3688116,0.5595741,15.094993,1.9167591
3430927082727147136,87.9808776643185,27.032757200206834,0.6596928577896279,0.014771325,10.010929,10.237847,9.604989,0.6328583,0.22691822,0.40594006,,
3441851246144188032,85.91268476845408,28.243891794745405,0.6178273378567184,0.0216643,10.011002,10.122138,9.73948,0.382658,0.11113644,0.27152157,,
3404168508759976320,84.53857149672156,22.276110844213267,0.711488168392569,0.017877895,10.011694,10.820659,9.128638,1.6920204,0.8089647,0.8830557,30.83164,0.47192878
3404356044211109504,85.33303151852876,23.355299320256908,0.807846729261676,0.030724023,10.014678,10.20124,9.678596,0.52264404,0.18656158,0.33608246,,
3403078579201787776,86.29482600095133,21.36431473202874,0.8898834502645269,0.031650204,10.015529,10.450342,9.401901,1.0484409,0.4348135,0.61362743,15.447124,4.0778103
